rho_mm,phi_degrees,theta_degrees,Width_mm,Height_mm,Volume_μL,R_sph_mm,Voltage_V,C_TritonX_mM,Aspect_ratio,ST_from_calibration_mN/m
"[[0.88926132 0.88955202 0.89165673 ... 0.88299633 0.88561145 0.88524645]
 [0.88874631 0.88908565 0.8894733  ... 0.88541072 0.88529715 0.8887948 ]
 [0.88903516 0.88926132 0.89107662 ... 0.88351672 0.88593577 0.88547358]
 ...
 [0.93801561 0.93810749 0.94035557 ... 0.93856672 0.93833713 0.93824528]
 [0.94185131 0.94387746 0.94440993 ... 0.93844428 0.93833713 0.94185131]
 [0.94180556 0.94182081 0.9420343  ... 0.93902572 0.93833713 0.93824528]]","[[3.41019129e-02 4.26181020e-02 8.08468483e-02 ... 6.21875847e+00
  6.24466048e+00 6.25749503e+00]
 [2.13219293e-03 2.77114545e-02 4.04895863e-02 ... 6.25107643e+00
  6.25535524e+00 6.27252473e+00]
 [2.55807727e-02 3.41019129e-02 7.23680704e-02 ... 6.21019691e+00
  6.23611090e+00 6.24893746e+00]
 ...
 [2.02019927e-03 1.41404716e-02 7.05895898e-02 ... 6.24885537e+00
  6.25692872e+00 6.26096674e+00]
 [1.00600228e-02 6.63010698e-02 7.43096002e-02 ... 6.25289155e+00
  6.25692872e+00 6.27312528e+00]
 [2.01206972e-03 6.03614399e-03 2.21291838e-02 ... 6.23675406e+00
  6.25692872e+00 6.26096674e+00]]","[[1.53669441 1.52817822 1.48994948 ... 1.63522317 1.60932115 1.59648661]
 [1.56866413 1.54308487 1.53030674 ... 1.6029052  1.5986264  1.5814569 ]
 [1.54521555 1.53669441 1.49842826 ... 1.64378472 1.61787073 1.60504417]
 ...
 [1.56877613 1.55665586 1.50020674 ... 1.60512627 1.59705292 1.59301489]
 [1.5607363  1.50449526 1.49648673 ... 1.60109009 1.59705292 1.58085635]
 [1.56878426 1.56476018 1.54866714 ... 1.61722758 1.59705292 1.59301489]]",[366. 367. 366. ... 369. 369. 369.],[469. 469. 469. ... 497. 497. 497.],[2.29706911 2.29675435 2.2971483  ... 2.6094846  2.60928519 2.60613565],[0.81851847 0.81848108 0.81852788 ... 0.85406064 0.85403889 0.85369513],[7. 7. 7. ... 7. 7. 7.],[0.1083     0.10831484 0.10829627 ... 0.15408264 0.15409442 0.15428064],[1.28142077 1.27792916 1.28142077 ... 1.34688347 1.34688347 1.34688347],"[44.78169952 44.77855948 44.7824894  ... 39.72085231 39.72002759
 39.70699575]"
