rho_mm,phi_degrees,theta_degrees,Width_mm,Height_mm,Volume_μL,R_sph_mm,Voltage_V,C_TritonX_mM,Aspect_ratio,ST_from_calibration_mN/m
"[[1.23250603 1.23279735 1.23296045 ... 1.22237779 1.2250716  1.22457905]
 [1.23250603 1.23279735 1.23296045 ... 1.21315988 1.21859409 1.22457905]
 [1.22606341 1.23001682 1.23253662 ... 1.22048593 1.22027408 1.22007395]
 ...
 [1.1900517  1.19388976 1.19393187 ... 1.17148831 1.17624211 1.18189469]
 [1.19212289 1.19227952 1.19237589 ... 1.17528006 1.18043846 1.18265099]
 [1.1900517  1.19009998 1.19393187 ... 1.17148831 1.17624211 1.18189469]]","[[3.53698585e-02 4.15145955e-02 4.45858171e-02 ... 6.22579498e+00
  6.24450492e+00 6.25687559e+00]
 [3.53698585e-02 4.15145955e-02 4.45858171e-02 ... 6.20030351e+00
  6.22561659e+00 6.25687559e+00]
 [4.63675193e-03 1.69475298e-02 6.61590822e-02 ... 6.22570592e+00
  6.22880662e+00 6.23190837e+00]
 ...
 [3.18470261e-03 9.52352159e-03 1.26977302e-02 ... 6.16645456e+00
  6.18960828e+00 6.20936471e+00]
 [1.74862938e-02 2.38428577e-02 2.70204492e-02 ... 6.18143098e+00
  6.20444346e+00 6.22386494e+00]
 [3.18470261e-03 9.55384944e-03 1.26977302e-02 ... 6.16645456e+00
  6.18960828e+00 6.20936471e+00]]","[[1.53542647 1.52928173 1.52621051 ... 1.62818665 1.60947671 1.59710604]
 [1.53542647 1.52928173 1.52621051 ... 1.65367812 1.62836504 1.59710604]
 [1.56615957 1.5538488  1.50463724 ... 1.62827571 1.62517501 1.62207327]
 ...
 [1.56761162 1.56127281 1.5580986  ... 1.68752707 1.66437336 1.64461692]
 [1.55331003 1.54695347 1.54377588 ... 1.67255065 1.64953817 1.6301167 ]
 [1.56761162 1.56124248 1.5580986  ... 1.68752707 1.66437336 1.64461692]]",[429. 429. 429. ... 416. 417. 416.],[650. 650. 649. ... 630. 629. 630.],[5.23698042 5.23477941 5.23408735 ... 4.77270492 4.77623676 4.77864545],[1.07728542 1.07713447 1.077087   ... 1.04446043 1.044718   1.04489359],[8.5 8.5 8.5 ... 8.5 8.5 8.5],[0.0494     0.04942077 0.04942731 ... 0.06954897 0.06949754 0.06946251],[1.51515152 1.51515152 1.51282051 ... 1.51442308 1.50839329 1.51442308],"[56.99931673 56.99339209 56.99152882 ... 52.2105223  52.22153451
 52.22904144]"
