rho_mm,phi_degrees,theta_degrees,Width_mm,Height_mm,Volume_μL,R_sph_mm,Voltage_V,C_TritonX_mM,Aspect_ratio,ST_from_calibration_mN/m
"[[1.04451925 1.044478   1.04340478 ... 1.03176243 1.03918378 1.04179289]
 [1.04225295 1.04485439 1.04386413 ... 1.03356196 1.03574848 1.04262498]
 [1.04349254 1.04486127 1.04437313 ... 1.03067423 1.03970716 1.03894705]
 ...
 [1.07473443 1.07436014 1.07688403 ... 1.05480973 1.05846646 1.0659175 ]
 [1.0745874  1.07375834 1.07609679 ... 1.05216464 1.05558563 1.06271901]
 [1.07461915 1.07798221 1.07758906 ... 1.06422329 1.06664998 1.06838571]]","[[2.72165084e-02 8.90173131e-02 1.14668431e-01 ... 6.14128825e+00
  6.21200776e+00 6.23041104e+00]
 [5.45449136e-03 7.07906022e-02 1.32911417e-01 ... 6.17111080e+00
  6.18606535e+00 6.25591934e+00]
 [4.90515310e-02 1.10857502e-01 1.36508346e-01 ... 6.16339128e+00
  6.23395504e+00 6.25217336e+00]
 ...
 [2.29236733e-02 8.29947547e-02 1.07548020e-01 ... 6.14078012e+00
  6.17015561e+00 6.21023123e+00]
 [1.58716830e-02 7.59597637e-02 1.00544769e-01 ... 6.13313764e+00
  6.16261564e+00 6.20285763e+00]
 [1.76348560e-02 8.09514544e-02 1.41150972e-01 ... 6.18688305e+00
  6.20137190e+00 6.22994969e+00]]","[[1.54357982 1.48177901 1.4561279  ... 1.71269338 1.64197387 1.62357059]
 [1.56534184 1.50000572 1.43788491 ... 1.68287084 1.66791629 1.5980623 ]
 [1.5217448  1.45993883 1.43428798 ... 1.69059035 1.62002659 1.60180828]
 ...
 [1.54787265 1.48780157 1.46324831 ... 1.71320151 1.68382602 1.6437504 ]
 [1.55492464 1.49483656 1.47025156 ... 1.72084399 1.69136599 1.651124  ]
 [1.55316147 1.48984487 1.42964536 ... 1.66709859 1.65260973 1.62403195]]",[421. 421. 421. ... 407. 407. 408.],[551. 550. 550. ... 567. 567. 567.],[3.64847017 3.6480556  3.648919   ... 3.74989821 3.75516387 3.75631581],[0.95500885 0.95497268 0.95504801 ... 0.96377789 0.96422879 0.96432738],[9. 9. 9. ... 9. 9. 9.],[0.01       0.01000114 0.00999877 ... 0.01453703 0.01451665 0.0145122 ],[1.3087886  1.3064133  1.3064133  ... 1.39312039 1.39312039 1.38970588],"[69.51349575 69.51295084 69.51408562 ... 67.74248041 67.74903811
 67.75047156]"
