rho_mm,phi_degrees,theta_degrees,Width_mm,Height_mm,Volume_μL,R_sph_mm,Voltage_V,C_TritonX_mM,Aspect_ratio,ST_from_calibration_mN/m
"[[1.01221762 1.01269998 1.01083312 ... 0.9992425  0.9980343  1.00528316]
 [1.01010993 1.01131791 1.01219811 ... 0.9991868  1.00228709 1.00138383]
 [1.00812963 1.01269998 1.01340892 ... 0.99842281 1.00143224 1.00039899]
 ...
 [0.80544555 0.80550796 0.80568626 ... 0.80038281 0.80214856 0.80550796]
 [0.80536753 0.80554586 0.80600933 ... 0.79778764 0.8002325  0.80256254]
 [0.8072625  0.80736925 0.80744041 ... 0.80274821 0.8021217  0.80397296]]","[[2.43397617e-02 3.93055887e-02 7.31773704e-02 ... 6.17106212e+00
  6.18238308e+00 6.23981629e+00]
 [1.31324533e-02 5.06133970e-02 6.55719001e-02 ... 6.19012158e+00
  6.19800294e+00 6.20931617e+00]
 [1.87969703e-03 3.93055887e-02 5.42538217e-02 ... 6.17860640e+00
  6.18652926e+00 6.19784178e+00]
 ...
 [1.41167093e-02 1.88213067e-02 2.82277943e-02 ... 6.20260011e+00
  6.24537827e+00 6.26436400e+00]
 [2.35293683e-03 2.11733060e-02 3.99786871e-02 ... 6.18564381e+00
  6.20496046e+00 6.23358064e+00]
 [2.34741353e-03 1.64304462e-02 2.11236182e-02 ... 6.19573122e+00
  6.20514507e+00 6.24782270e+00]]","[[1.54645657 1.53149074 1.49761896 ... 1.68291952 1.67159855 1.61416534]
 [1.55766387 1.52018293 1.50522443 ... 1.66386006 1.65597869 1.64466547]
 [1.56891663 1.53149074 1.51654251 ... 1.67537523 1.66745237 1.65613985]
 ...
 [1.55667962 1.55197502 1.54256853 ... 1.65138153 1.60860336 1.58961763]
 [1.56844339 1.54962302 1.53081764 ... 1.66833783 1.64902118 1.62040099]
 [1.56844891 1.55436588 1.54967271 ... 1.65825041 1.64883656 1.60615894]]",[405. 405. 405. ... 336. 337. 335.],[534. 533. 534. ... 425. 425. 426.],[3.28143725 3.29027201 3.28856301 ... 1.72459642 1.73400358 1.72415037],[0.92184626 0.92267283 0.92251305 ... 0.74393151 0.74528171 0.74386737],[7. 7. 7. ... 7. 7. 7.],[0.1473     0.14690448 0.14698083 ... 0.22981439 0.22856762 0.22987385],[1.31851852 1.31604938 1.31851852 ... 1.26488095 1.2611276  1.27164179],"[40.1690835  40.18809759 40.18442278 ... 35.63248791 35.68519103
 35.62998377]"
